厂牌,代理范围,微信公众号
Ziitek,"全线代理（导热硅胶,导热绝缘片,导热硅脂,导热石墨片,导热双面胶,导热塑料,单组份导热凝胶,双组份导热凝胶,无硅导热片,Auto汽车应用材料,导热环氧灌封材料,导热硅胶灌封材料,硅胶泡棉密封垫,高粘性带阻燃双面胶,导热绝缘硅胶挤出材料,硅胶垫片密封条,导热硅胶垫,锂电池密封垫,硅胶板,硅胶皮,硅胶条,硅胶套,PCM相变化材料,0.95W导热相变化帖,2.5W导热相变化帖,5.0W导热相变化帖,铝箔导热相变化帖,无硅导热相变化,PI加热膜,SP硅胶加热膜,ES环氧加热膜,吸波材料,经济吸波材料,常规吸波材料,混合型吸波材料,高频吸波材料,吸波导热片,高性能吸波材料,EMI屏蔽材料,导电硅胶片,导电泡棉,导电布,导电铜箔,导电铝箔）",兆科新能源材料
Ziitek,"全线代理（导热硅胶,导热绝缘片,导热硅脂,导热石墨片,导热双面胶,导热塑料,单组份导热凝胶,双组份导热凝胶,无硅导热片,Auto汽车应用材料,导热环氧灌封材料,导热硅胶灌封材料,硅胶泡棉密封垫,高粘性带阻燃双面胶,导热绝缘硅胶挤出材料,硅胶垫片密封条,导热硅胶垫,锂电池密封垫,硅胶板,硅胶皮,硅胶条,硅胶套,PCM相变化材料,0.95W导热相变化帖,2.5W导热相变化帖,5.0W导热相变化帖,铝箔导热相变化帖,无硅导热相变化,PI加热膜,SP硅胶加热膜,ES环氧加热膜,吸波材料,经济吸波材料,常规吸波材料,混合型吸波材料,高频吸波材料,吸波导热片,高性能吸波材料,EMI屏蔽材料,导电硅胶片,导电泡棉,导电布,导电铜箔,导电铝箔）",兆科科技
Ziitek,"全线代理（导热硅胶,导热绝缘片,导热硅脂,导热石墨片,导热双面胶,导热塑料,单组份导热凝胶,双组份导热凝胶,无硅导热片,Auto汽车应用材料,导热环氧灌封材料,导热硅胶灌封材料,硅胶泡棉密封垫,高粘性带阻燃双面胶,导热绝缘硅胶挤出材料,硅胶垫片密封条,导热硅胶垫,锂电池密封垫,硅胶板,硅胶皮,硅胶条,硅胶套,PCM相变化材料,0.95W导热相变化帖,2.5W导热相变化帖,5.0W导热相变化帖,铝箔导热相变化帖,无硅导热相变化,PI加热膜,SP硅胶加热膜,ES环氧加热膜,吸波材料,经济吸波材料,常规吸波材料,混合型吸波材料,高频吸波材料,吸波导热片,高性能吸波材料,EMI屏蔽材料,导电硅胶片,导电泡棉,导电布,导电铜箔,导电铝箔）",兆科导热材料
Wevo,"全线代理（聚氨酯,环氧树脂,硅胶,灌封树脂,灌封解决方案,灌封化合物,灌封胶,灌封材料,透明铸造化合物,聚氨酯粘合剂,导热聚氨酯浇注树脂）",WEV  HEMI  孚化学
Wevo,"全线代理（聚氨酯,环氧树脂,硅胶,灌封树脂,灌封解决方案,灌封化合物,灌封胶,灌封材料,透明铸造化合物,聚氨酯粘合剂,导热聚氨酯浇注树脂）",Wev  孚化学
锦凌电子,"全线代理（板对板连接器,浮动式板对板连接器   显示屏高速连接器,YFCS公母座连接器,E型连接器,I/O连接器,D-SUB连接器,SCSI连接器,HDMI连接器,IEEE1394连接器,PCR连接器,USB连接器,圆孔连接器,圆孔IC座,圆孔排母连接器,POG   Pin,圆孔排针连接器,光纤连接器,IC扁针,排针连接器,伺服排针,汽车连接器-排针,汽车连接器-扁针,排母连接器,D型蜈蚣脚排母,简牛连接器,牛角连接器,压排简牛,压排牛角,压线连接器,IDC连接器,DIP连接器,白色IDC连接器,红色IDC连接器,伺服电机防水插头,H型电机动力插头,F型电梯连接器,接线端子连接器,螺钉式PCB接线端子,弹簧式PCB接线端子,栅栏式接线端子,插拔式接线端子,贯通式接线端子,MCS多用途接线端子,插卡式连接器,金手指连接器,SLOT连接器,OSP插槽,卡座连接器,OSP连接器,电源座连接器,电池座连接器,短路帽连接器,HCP电源座连接器,PLCC,插座连接器,SATA公座连接器,SATA母座连接器,欧式插座,线对板连接器,FPC连接器,外壳连接器,对夹连接器,CE连接器,电子线,扁平排线整卷,FFC软排线,线束加工,网口连接器,PCMC连接器,拔码开关,锌合金外壳,PLC连接器,SFP屏蔽罩,PCL连接器,红色5.0插座,航空插座,音响插座）",JILN锦凌电子
HBFEC,部分代理（晶体振荡器）,远东通信
地芯科技,"全线代理（射频前端芯片,FEM芯片,PA,射频收发芯片   sub-6  ransceiver,模拟信号链芯片,Pipelin  DC,SA  DC,高精度电压基准源芯片）",地芯科技
桃芯科技,"全线代理（低功耗蓝牙5.  OC,低功耗蓝牙5.  O  低功耗蓝牙5.  OC,低功耗蓝牙模块）",桃芯科技
全业电子,"全线代理：ESD静电保护器,TVS瞬态抑制二极管,GDT陶瓷气体放电管,压敏电阻插件,压敏电阻贴片,PPTC自恢复保险丝,TSS半导体放电管,SPG玻璃放电管",全业电子有限公司
威兆半导体,"全线代理（MOSFET,IGBT）",威兆半导体
download grammar  and spelling checker for 微容科技,全线代理（片式多层陶瓷电容器）,微容科技
先楫半导体,全线代理：高性能嵌入式MCU,先楫半导体
SHEIER,"全线代理（快恢复二极管,快恢复模块,IGBT单管,IGBT模块,三相整流桥,三相整流模块,半桥模块,高压二极管,整流二极管)",乐山希尔电子
思瑞浦,全线代理(高性能模拟芯片),3PEAK思瑞浦
AEM科技,"部分代理（大电流贴片保险丝,车用系列保险丝,SolidMatri   叠层贴片保险丝,AirMatri  空贴片保险丝,薄膜贴片保险丝,可恢复式保险丝）",AEM科技
昂赛微电子,全线代理（磁性传感器、模拟开关、LDO）,ANGSemi
雅特力,全线代理（MCU）,AT3  C  特力科技
博联智能,全线代理（WIFI模块等）,Broadlink博联
今凯电子,全线代理（功率贴片电感）,CHK今凯电子
CHROMA,全线代理（电源/负载产品、被动元件测试仪器、安规测试仪器、视频与测彩测试仪器）,CHROMA销售服务中心
中微半导体,全线代理（混合信号SOC、MCU）,Cmsemicon
CSCONN,全线代理（连接器）,CSCONN连接器
大普微电子,全线代理（企业级固态硬盘、固态硬盘控制器芯片）,dapustor
钜兴,"平台合作+全线代理（整流管,快恢复管,高效率整流管,超快恢复整流管,肖特基管,稳压管,TVS管）",Diodes矩兴电子
EPC,全线代理（硅基增强型氮化镓（EGaN）场效应晶体管，GaN）,EPC宜普电源转换
FIRECOMMS,全线代理（工业光纤、光模块、光钎收发器、收发一体模块）,Firecomms
富信,"全线代理（贴片电阻,贴片电容,合金贴片电阻,车用贴片电阻,二极管,三极管,MOSFET,LDO,DC-DC,频率器件,功率器件）",FOSAN富信科技
极海半导体,"全线代理（APM32微控制器,低功耗蓝牙芯片SoC,低功耗蓝牙芯片,大川系列主控SoC,安全芯片）",Geehy极海半导体
固得沃克,全线代理（二/三极管，桥堆）,GK固得沃克
HI-SEMICON,"全线代理（场效应管,中低压功率MOSFETs,高压功率MOSFETs,超结MOSFETs,肖特基二极管,超快恢复二极管,碳化硅肖特基二极管,超快恢复整流二极管,多层外延超结MOS,中低压SG   MOS,碳化硅MOS管,IGBT）",HI-SEMICON
IMS,全线代理（连接器）,IM  onnecto  ystems
ISABELLENHUETTE,全线代理（精密功率电阻、合金     流电压传感器）,ISABELLENHUETTE
ITT,"部分代理（微型Micr   D连接器,D-Sub连接器,DL及QLC连接器,PUSH&PULL连接器,PowerLock连接器）",ITT中国
步科,全线代理（HMI、伺服系统、步进系统、PLC、变频器）,Kinco步科
KNOWLES,"部分代理（多层片式陶瓷电容,单层片式陶瓷电容,MLCC,高温MLCC   高  LCC,高压MLCC,安规电容,车规电容）",Knowles楼氏电容
东佳电子,全线代理（铝电解电容）,KOSHIN东佳电子
KYOCERA,功率器件、晶体、电容器、连接器、显示屏,KYOCERA京瓷中国商贸
LEONI,部分代理（电缆、光纤）,LEONI
辰达行,全线代理（二极管、MOS）,MDD辰达行电子
MELEXIS,全线代理（传感器、BLDC/DC电机控制器、预驱动器、霍尔锁存器和开关、传感器、无线射频芯片、CAN/LIN总线收发器）,MELEXIS迈来芯
NICOMATIC,全线代理（连接器）,NICOMATIC
灿瑞科技,部分代理（只代理：马达驱动和传感器）,OCS灿瑞科技
旺凌科技,全线代理（无线连接IC）,Opulinks旺凌科技
利利普,部分代理（利利普产品，示波器、万用表、频谱分析仪）,owon利利普
P2i,全线代理（纳米涂层）,P2i纳米科技
PANJIT,"全线代理（肖特基，整流器，Zener     VS  OSFET，三极管，Sic,保护组件）",PANJIT强茂半导体深圳
PREMO,全线代理（RFID天线、电感、EMC滤波器、PLC组件）,PREMO普莱默
PREMO,全线代理（RFID天线、电感、EMC滤波器、PLC组件）,普莱默电子
PROCELL,全线代理（工业电池）,procell致芯
正芯,"全线代理（场效晶体管,N沟道场效应晶体管,P沟道场效应晶体,N+P沟道场效应晶体管）",RealChip正芯半导体技术
ROSENBERGER,部分代理（射频连接器、电缆/电缆组件、校准件、转接）,Rosenberger罗森伯格
锐骏半导体,全线代理（场效应管）,Ruichips
星通时频,全线代理（石英晶体振荡器）,SCTF星通时频
赛尔特,"全线代理（合金型温度保险丝,有机物型的温度保险丝,合金型直流型温度保险丝,热保护器,压敏电阻,热保护型压敏电   ,电涌保护  电涌保护模  瞬态电压抑制二极  气体放电  小型熔断  线绕熔断电阻  热保护型熔断电阻  热保护型水泥电阻   ,抑制浪涌电流热敏电阻  低压熔断  受控熔断  ",SETsafe赛尔特电子电路保护
SILICO  ABS,全线代理（EFM8/EFM3  CO、CMEMS时钟芯片和晶振、温湿度传感器、RF芯片、数字隔离芯片、POE芯片、WIFI及蓝牙）,SiliconLabs
SMART,全线代理（SSD  RAM  RA   DDR5）,SMAR  Modular世迈科技
Smith  nterconnect,"全线代理（温补衰减器,钻石电阻,射频器件,射频线缆组件）",Smith  nterconnect
SUMSEMI,"平台合作+全线代理（无线射频芯片,射频低压差线性稳压器,低功耗低压差线性稳压器,高压低压差线性稳压器,DC-DC转换器,锂电池充电管理芯片,模拟信号开关,过压过流保护负载开关,传感器类芯片,逻辑电平转换芯片,场效应管,开关二极管,瞬态抑制二极管,肖特基二极管,射频芯片,单片机）",SUMSEMI
TAMURA,"部分代理（DC-DC电源,驱动模块,即插即用驱动板,高频变压器,交流变压器,直流变压器,移动电话用充电器,电源变压器,民用变压器成品,民用变压器成品半成品,真空高频信号驱动器,电源转接器,电源供应器,电源适配器,电池充电器,打印机,打印头,塑胶五金配件,通讯产品配件,家用电器配件,镭射玩具,变压器用矽钢片,磁芯,LED照明用具,门驱动器,电流传感器,电源模块,LED驱动器,压电换能器,变压器,电抗器,扼流圈,车载用变压器,车载用线圈）",TAMUR  UDIO
UMS,全线代理（24G雷达收发芯片、PA、VGA、VCO、LNA、SWICH、DOWN-CONVERTOR、ATENATOR-DIGIIAL、Transisitor、MIxER）,UMSMMIC
VINCOTECH,全线代理（功率集成模块、带PFC的PIM、半桥、H桥、IGBT）,Vincotech
沃尔提莫,"全线代理（高端导热灌封胶,碳纤导热材料,导热硅胶,导热凝胶,导热垫片）",Waermtimo
WAGO,全线代理（接线端子、连接器等）,WAGO万可
XSENS,部分代理（IMU模组）,Xsens
扬兴晶振,"全线代理+平台合作（有源晶振,石英可编程晶振   直插晶振,车规级晶振  英有源晶振  规级有源晶振  分可编程晶振   无源晶振,贴片晶振,晶体振荡器,晶体谐振器,陶瓷晶振,宽电压晶振,高温晶振,差分定频晶振,低抖动晶振,差分晶振,压控晶振,压控差分晶振,晶振）",YXC扬兴晶振
纵行科技,部分代理（ZETA模组，ZETag模组，ZETA基站/网关/AP，ZETA智能路由）,ZETA联盟
ZETTA,"全线代理（闪存,eeprom,NOR,Nand,微控制,8位MCU,32位?  CU）",ZiFiSense纵行科技
阿普奇,"全线代理（工控机,工业电脑,工业品,边缘计算控制器,边缘计算一体机,AI边缘计算器,IO板卡,AI算力卡,边缘算力盒子,边缘工业显示器）",阿普奇
阿瑞仕,"全线代理（陶瓷贴片天线,卫星通信天线,,5G通信天线,物联网通信天线,UWB通信天线,天通卫星天线,低轨卫星天线,,碳纤维天线,毫米波天线,毫米波雷达等）",阿瑞仕天线
爱浦电子,全线代理（模块电源）,爱浦电子科技
EPSON,全线代理（RTC实时时钟模块、QMEMS晶振、角速度传感器、LDC控制器）,爱普生电子元器件
Ampheno   Sensors,部分代理（传感器）,安费诺传感器学堂
ANYTEK,"全线代理（接线端子台,圆孔针,圆孔IC脚座）",安费诺恩尼特克Anytek
奥拉,"部分代理(高精度同步时钟,去抖时钟,时钟驱动器,线性稳压器,升/降压转换器,功率放大器,位置传感器)",奥拉半导体
奥松电子,"全线代理(温湿度传感器,气体传感器,流量传感器）",奥松传感
巴丁微电子,"全线代理（电机驱动类产品   电源管理类产品  率器件类产品  流电机驱动芯片  功率直流电机驱动芯片  功率步进电机驱动芯片  桥驱动芯片  相栅极驱动芯片   三相栅极驱动器,栅极驱动半桥芯片  电充电管理芯片  C-DC电源管理芯片）",巴丁微电子
金航标,"全线代理（FFC连接器,USB连接器,FPC连接器,排针,排母,天线,线对板连接器,线对线连接器,射频连接线,插拔式接线端子,轻触开关等）",北斗专家
福建创四方,部分代理（电流电压传感器）,北京创四方电子集团股份有限公司
七芯中创,全线代理（单总线数字温度传感器、时钟芯片）,北京七芯中创
中科银河芯,全线代理（温度、湿度、水分、压力、加密认证等传感芯片）,中科银河芯科GXCAS
北醒,全线代理（激光雷达）,北醒Benewake
必易微,"平台合作+全线代理（LED照明驱动,非调光非隔离低P   LED驱动芯片,非调光非隔离高P  ED驱动芯片,非调光隔离高P  ED驱动芯片,非调光隔离低P  ED驱动芯片,非调光恒压驱动,调  E   线性恒流驱动,调光开关,AC/DC适配器,副边PWM控制器,原边PWM控制器,副边PWM控制功率开关,原边PWM控制功率开关,非隔离控制功率开关,同步整流器）",必易微
博大科技,全线代理（锂电池模组）,博大电源
博流,"全线代理（Wi-F     LE组合芯片组,BLE和Zigbee组合芯片组,MCU芯片组  i-Fi芯片组）",博流智能
博升光电,"全线代理（3D深度相机,VCSEL,3D传感）",博升光电
步步精科技,全线代理（组件、Type-c）,步步精科技
灿芯半导体,部分代理（Mars安全芯片）,灿芯半导体BriteSemi
瑞迪威,全线代理（多通道相控阵芯片，标准相控阵天线子阵）,成都瑞迪威科技有限公司
通量科技,全线代理（低噪声放大器/增益放大器/驱动放大器）,成都通量科技有限公司
知融科技,全线代理（驱动和功率放大器、低噪声放大器、滤波器、衰减器、功分器、多通道波束成形芯片-Tx、多通道波束成形芯片-Rx）,成都知融科技股份有限公司
诚芯微,"全线代理（LDO稳压芯片,MCU,低压MOS,DC-DC电源芯片,PD电源芯片,马达驱动MOS,协议芯片）",诚芯微
大普通信,全线代理（时钟产品）,大普通信
道明,"平台合作+部分代理（石墨烯导热膜,石墨烯散热膜）",道明股份
得润电子,"部分代理（Type-C,USB2.0/3.0/3.1,RJ45,D-SUB/VGA,DP,HDMI,DDR4,DDR5,NGFF,PCIE,MIN   PCIE,Slim-SAS,Ocu-Link,Pi  eade  针,PC类CU  ocket,server类CP  ocket）",得润电子
DIOTEC,全线代理（二极管，三极管，稳压管，整流器，稳压器，MOSFET，TVS（保护器件））,德欧泰克半导体
地平线,部分代理（AI芯片，SOC和软件算法）,地平线HorizonRobotics
电安科技,全线代理（TVS、保险丝等）,电安科技嘉兴有限公司
冠坤电子,全线代理（铝电解电容、固态电容）,东莞冠坤电子有限公司
思索连接器,"连接器,端子,线束,车灯连接器,线对板连接器,线对线连接器,电源连接器,汽车连接器,排针排母连接器,车用二次锁扣连接器,灯条连接器",SWB思索连接器
仕来高,平台合作+全线代理（导热硅脂，导热垫，导热凝胶，导热泥，聚氨酯灌封树脂，含硅灌封树脂，有机硅灌封树脂，双组份导热凝胶，高性能导热硅胶垫，低压缩比导热硅胶垫，导热相变材料，含硅导热垫，非硅导热垫，导热吸波材，吸波材料，导电泡棉，全方位导电泡棉，导热凝胶）,东莞依美聚合产品有限公司
东科半导体,全线代理（电源芯片、同步整流）,东科半导体
多维科技,全线代理（磁传感器、开关/线性/角度/齿轮传感器芯片，TMR电流传感器，TMR齿轮编码器，TMR线性位移传感器）,多维科技
恩智测控,部分代理（电池模拟器、电子负载）,恩智测控NGI
方寸微,全线代理（安全SOC）,方寸微电子
PHOENIXCONTACT,全线代理（通用组合接线端子、传感器/执行器和工业级重载连接器、标识系统、工具和安装材料、电源设备、电涌保护器和设备断路器、电子接口技术和开关设备、自动化技术、PCB固定式连接器和插拔式连接器）,菲尼克斯自动化
复旦微电子,全线代理（MCU）,复旦微电子集团
富满电子,部分代理（AC/DC、同步整流、PD协议、USB识别/限流）,富满电子
高特,全线代理（ESD防护器件、极快恢复二极管、低VF/IR肖特基二极管）,高特微电子Goaltop
高新兴物联,部分代理（蜂窝物联网模组）,高新兴物联
歌尔微电子,全线代理（零组件、传感器、压力传感器、交互类传感器和流体传感器、微型麦克风、微型扬声器、受话器、喇叭、天线、光学模组）,歌尔微电子
格瑞普,"全线代理（电池,软包锂聚合物电池,镍氢电池,软包磷酸铁锂电池,半固态电池）",格瑞普Grepow
冠晶半导体,全线代理（TEC（半导体制冷片）、TEA）,冠晶科技
光颉科技,全线代理（电阻、电容、电感）,光颉科技
芯佰特,"全线代理（WIF   射频前端芯片,低噪声放大器,5  基站射频芯片,IO  .4G功率放大器）",广西芯佰特微电子
广芯微电子,"平台合作+全线代理（微控制器,无线射频芯片,无线MCU,P  lu  充控制器,模拟芯片,模组）",广芯微电子
中电国基南方,部分代理（SiC二极管、Si  OSFET）,国基南方
国民技术,全线代理（高等级安全芯片，通用MCU，射频产品）,国民技术
海克赛德,"导电橡胶,导电橡胶条,导电橡胶衬垫,散热组件,热管,VC,均温冷板,均温机箱,水冷板,储能板",海克赛德科技
华光新材,"全线代理（银钎料,铜磷钎料,高铜钎料,铜锌钎料,铝钎料,真空钎料,药芯钎料,药皮钎料,钎剂,聚合物银浆,烧结银浆及无铅焊膏,焊条,焊带,焊环,焊丝,助焊剂及异形钎料）",杭州华光焊接新材料股份有限公司
瑞盟科技,全线代理（高性能运算放大器、高精度ADC/DAC、485/422/四路差分接口、马达驱动）,杭州瑞盟科技股份有限公司
航顺芯片,全线代理(MCU）,航顺芯片
毫欧电子,全线代理（电阻，分流器）,毫欧电子
远见电子,全线代理（电感、变压器）,毫州远见电子
合科泰电子,"平台合作+全线代理（二极管,肖特基二极管,整流二极管,稳压二极管,整流桥,开关二极管,TVS二极管,快恢复二极管,特快恢复二极管,超快恢复二极管,三极管,普通三极管,达林顿三极管,MOS管,低压MOS管,高压MOS管,稳压电路,三端稳压电路）",合科泰半导体
核芯互联,全线代理（ADC、MCU等）,核芯互联
恒晶科技,全线代理（晶振：TCXO、OCXO等）,恒晶科技
宏思电子,部分代理（只代理：HSC32I   、HSC32C1（标准版、车规版）32位物联网安全芯片）,宏思电子HESC
厚声,全线代理（电阻）,厚声电子
祥源新材,"全线代理（发泡材料,PU微孔聚氨酯泡棉,硅胶泡棉）",湖北祥源新材
ADVANCECHIP,全线代理（工控DSP）,湖南进芯电子科技有限公司
华大半导体,部分代理（隔离驱动（栅极驱动），数字电源芯片（PFC控制器，图腾柱PFC专用控制器），IGBT（模块），SiC二极管，SiC?     os，隔离运放）,华大半导体有限公司
华冠半导体,"全线代理（电源管理,运算放大器,音频放大器,存储器,逻辑器件,接口与驱动芯片,数据采集芯片,时钟,MOSFET,比较器,分立器件,数据采集器,微处理器）",华冠半导体
汇顶科技,部分代理（IOT产品线：低功耗蓝牙芯片、心率传感器、入耳检测）,汇顶科技
基本半导体,全线代理（碳化硅功率器件）,基本半导体
亿都,全线代理（液晶屏，触控屏，12寸以下的TFT(彩色屏)，OLE     ，单色液晶屏）,江门亿都半导体有限公司
润石科技,全线代理（运放、模拟开关等）,江苏润石
芯云科技,"平台合作+全线代理（ADC芯片,EBMS芯片及系统,RFID芯片,智能断路器,MCU芯片,台区智能终端,能源控制器,网关设备,无线公+专芯片模组,无线公+专模块,PLC/RF-PLC芯片,EMS云平台,智慧供用电管理平台,绿色数据中心平台,电单车智慧管理平台）",江苏芯云科技
萨瑞微电子,"全线代理（小信号MOS,中低压MOS,高压MOS,超高压MOS,ESD,PTSS,PTVS,MOSFET,电源管理IC,锂电保护IC,OVP,OCP,LDO,二极管,三极管,GDT,TSS,TVS）",江西萨瑞微电子
捷捷微电,"全线代理（MOSFET,防护器件,晶闸管,模拟IC及光电产品）",捷捷微电
金誉半导体,"全线代理（MCU,IC集成电路,MOS管,二极管,三极管）",金誉半导体
金誉半导体,"全线代理（MCU,IC集成电路,MOS管,二极管,三极管）",PUOLOP迪浦
晶光华,全线代理（无源晶振，有源晶振）,晶光华电子
晶科鑫,全线代理（晶振）,晶科鑫
竞沃,全线代理（TVS、保险丝等）,竞沃电子
九州风神,"全线代理（风扇,CPU散热器,机箱,电源模块,电脑配件,液冷系统,铲齿散热器）",九州风神DeepCool
巨霖科技,"全线代理:系统级电路仿真器,信号完整性仿真,开关电源仿真",巨霖
聚辰,全线代理（EEPROM、音圈马达驱动、智能卡芯片）,聚辰半导体
聚能创芯,"全线代理（氮化镓外延片,6英寸硅基氮化镓,8英寸硅基氮化镓,6英寸碳化硅基氮化镓,氮化镓功率器件）",聚能创芯
聚洵,全线代理（运放、模拟开关等）,聚洵半导体科技
军友射频,全线代理（射频电缆、连接器、转接器及电缆组件）,军友射频技术
凯峰电子,全线代理（接线端子，拨码开关，旋钮开关，五金件）,凯峰电子
可立克,全线（变压器、电感）,可立克科技
KODENSHI,全线代理（紫外线传感器、PCBA距离传感器、精准光电开关、CTD传感器、电机编码器）,可天士
库顿,全线代理（固态继电器、接触器）,库顿上海
德普福,全线代理（射频线缆组件、精密射频同轴连接器、多通道测试解决方案）,昆山德普福电子科技有限公司
扩维,全线代理（微波、毫米波器件：电缆组件、转接器、连接器、隔直器等）,扩维微波
LAIRD,部分（电磁屏蔽材料、导热材料）,莱尔德高性能材料
蓝箭电子,"全线代理(集成电路,场效应晶体管(MOSFET),双极型晶体管,开关器件,稳压,肖特基(SBD),快恢复(FRD)二极管,晶闸管）",蓝箭电子
朗升,全线代理（混合脉冲电容（HPC））,朗升新能源
类比半导体,"全线代理（模数转换器,数模转换器,线性产品,接口产品,运算放大器,隔离产品,集成电源产品,电机驱动器,收发器）",类比半导体
里阳半导体,"全线代理（瞬态电压抑制二极管,瞬态抑制二极管,可控硅,整流二极管,静电抑制二极管,半导体放电管,气体放电管,压敏电阻,自恢复保险丝,玻璃放电管,静电保护器件,单向静电保护器,双向静电保护器,单向可控硅,双向可控硅,芯片,可控硅芯片,二极管芯片,引线式瞬态抑制二极管,贴片式瞬态抑制二极管）",里阳半导体
力策,"平台合作+全线代理（单线导航激光雷达,避障激光雷达,车载成像激光雷达,车载补盲激光雷达）",力策激光雷达
力佳科技,全线代理（纽扣电池）,力佳科技
LITTELFUSE,全线代理（汽车传感器、电池管理、电池微型断路器（热熔断路器）、定制设计型电气设备、DC车用连接器、直流配电模块、直流螺线管和继电器、EMC元件、保险丝盒、保险丝座和保险丝配件、保险丝、熔线式开关和面板、气体放电管、电感器、磁性传感器和簧片开关、聚合物ESD抑制器、PolyZen器件、电源半导体、保护继电器与控制、自恢复PTC保险丝、半导体、Shock-Block      GFCI、浪涌保护模块、开关、温度传感器、压敏电阻）,力特奥维斯Littelfuse
联盛德,"全线代理(集成电路,Wi-F   MCU,Wi-F  OC芯片,Wi-Fi/BL  oC芯片)",联盛德微电子
联物科技,全线代理（网关、通讯模组、传感器）,联物科技
凌科芯安,"全线代理（低功耗安全芯片,防盗版加密芯片）",凌科芯安加密芯片
零感科技,平台合作+全线代理（压力传感器）,零感科技
领慧立芯,"全线代理(AFE,ADC,MCU,REF,SOC）",领慧立芯
龙鳞,全线代理(纳米涂层材料),龙鳞新材料
LONGSUNG,全线代理（NB-IOT/GSM/GPRS/EDGE、WCDMA、CDMA1X/EVDO、TD-SCDMA和LTE全系列无线通讯模块）,龙尚科技
鲁光电子,全线代理（二极管，三极管，整流桥）,鲁光电子科技
ROGERS,部分代理（微波板材、粘接片）,罗杰斯先进电子解决方案
ROHM,全线代理（Ics、分立式半导体、功率器件、无源元件、模块、光学器件）,罗姆半导体集团
麦捷科技,部分代理（电感，滤波器）,麦捷科技
MAXELL,部分代理（锂电子充电电池，扣式充电电池，氧化银电池，一次锂电池，碱性电池）,麦克赛尔（新）
美浦森,全线代理（功率MOS\SiC产品）,美浦森半导体
美仁,"全线代理（MCU,功率芯片,电源芯片,IOT芯片）",美仁半导体
敏芯微,"全线代理（MEMS声学传感器,骨振动传感器,硅麦克风,MEMS压力传感器,气压计,电子血压计压力传感器,一次性血压计压力传感器等）",敏芯股份
敏源传感,全线代理（温度芯片、温湿度传感器）,敏源传感科技有限公司
明德微,"全线代理（二极管,三极管,MOSFET,场效应管,整流桥堆,晶圆,整流二极管,肖特基二极管,开关二极管,快恢复二极管,稳压管,TVS管）",明德股份
铭普光磁,"全线代理(网络变压器,一体成型电感,功率电感,功率变压器,车用磁性元件,xDSL变压器,RF变压器)",铭普光磁
纳芯微电子,全线代理（传感器IC(压力/传感)，数字隔离芯片，接口芯片）,纳芯微电子
南方宏明,"全线代理（贴片压敏电阻器,贴片瓷介电容器,圆片瓷介电容器,功率型NTC热敏电阻器,压敏电阻器,防爆压敏电阻器,陶瓷封装NTC热敏电阻器）",南方宏明
艾驰电子,全线代理（AH系列单极性霍尔开关集成电路   AH系列双极性霍尔集成电路  H系列锁定型霍尔开关集成电路  H系列线性霍尔集成电路  G系列零功耗磁敏传感器）,南京艾驰科技
柠檬光子,"全线代理（HCSEL激光芯片,VCSEL芯片,半导体激光芯片,半导体激光器件,半导体激光模块,半导体激光系统）",柠檬光子
Nanochap,"全线代理（可编程的高密度神经刺激芯片,可编程的通用刺激芯片,多功能刺激芯片,生物分子信号处理芯片,芯片生命指征参数检测芯片）",暖芯迦电子
诺思,"全线代理(BAW滤波器,BAW双工器,多工器)",诺思微系统
欧创芯,全线代理（高压LED照明驱动、低压LED照明驱动、电源管理、射频与通讯）,欧创芯半导体
ODU,全线代理（连接器及单芯插针）,欧度连接器
PARKE   CHOMERICS,全线代理（热界面材料、EMI屏蔽材料）,派克汉尼汾公司
普林芯驰,"全线代理（压感,滑动,入耳检测芯片,智能离线语音交互MCU,高性能触控MCU,低功耗智能离线语音交互MCU）",普林芯驰
普罗森美,全线代理（E  Fuses电动汽车熔断器、贴片方块保险丝、厚/薄膜贴片保险丝、圆管陶瓷保险丝、TVS管、ESD静电抑制器、放电管…..）,普森美微电子
启珑,全线代理（DSP\MCU),启珑微电子
启英泰伦,全线代理（语音芯片）,启英泰伦
千如电子,"全线代理（电感,散热片）",千如电子
沁恒,"全线代理（通用RISC-     CU,通用Cortex-  CU,增强型低功耗MCU,高速互联MCU,低功耗蓝牙MCU）",沁恒微电子
青岛云路,全线代理（主要是贴片电感）,青岛云路
云路,"部分代理（纳米晶带材,纳米晶超薄带,纳米晶磁芯,磁粉末,电感元件,一体成型电感,金刚石工具,人造金刚石,不锈钢制品,低合金钢制品)",青岛云路先进材料
秋田微,部分代理（工业智能主板）,秋田微电子
群芯微,"全线代理（光电耦合器,光传感器,检测传感器,温度传感器,气体传感器,压力传感器,晶体管输出光耦,高速光耦,光继电器,高压光耦,模拟芯片）",群芯微电子
NIDEC,部分代理（汽车部分不代理，其他子公司产品都可写）,日本电产 尼得科 Nidec
NIDEC,部分代理（汽车部分不代理，其他子公司产品都可写）,尼得科控制技术英国CT
NISSHINBO,"平台合作+全线代理（运算放大器,比较器,低压差线性稳压器,DCDC转换器,模拟前端,PMIC,并联稳压器,电荷泵,LED驱动器,DDR终端电源,电压探测器,复位IC,看门狗定时器,锂电保护IC,锂电模拟前端IC,电池充电IC,电池模拟前端IC,电池备用IC,MEMS麦克风原件,音频放大器,音频信号处理IC,音频开关,视频IC,射频开关,射频低噪声放大器,功率放大器,SAW滤波器,F   IF解调器IC,高频波放大器,调制IC,解调IC,混合器IC,电力线通信IC,光电传感器,步进电机驱动器,三相无刷直流电机驱动器,单相半波无刷直流电机驱动器,二相半波无刷直流电机驱动器,致动器,栅极驱动器,实时时钟,石英晶振IC,LCD驱动器,模拟开关,数据转换器,IO端口扩展）",日清纺微电子NISD ST
荣湃半导体,全线代理（隔离器）,荣湃半导体
瑞发科,全线代理（车载视频传输芯片、ISP、USB芯片）,瑞发科半导体
瑞纳捷,全线代理（安全加密芯片、低功耗MCU、马达驱动和LCD驱动）,武汉瑞纳捷半导体有限公司
RENESAS,全线代理（MCU、模拟和功率器件、工业以太网芯片、USB转接芯片、IGBT）,瑞萨电子
赛伍,"全线代理（结构胶,导热材料,双面胶带,绝缘材料,AUTO车用束胶带,BUSBAR用绝缘胶膜,E   PACK用侧板绝缘膜,E  电池包裹绝缘胶膜,E   锂电池芯间粘接胶垫,车载FPC补强板,车载导热垫片,导热凝胶,电动汽车PACK电池管,UV减粘胶带,半导体封装模具清洁胶带,半导体芯片真空溅射加工固定胶带,切割PVC蓝膜,热减粘胶带,黑色感光PI覆盖膜,铜基绝缘IGBT散热片,LCD,OCA,OLED,电子纸相关材料,保护膜,TTF   UV固化型无溶剂胶带,纳米晶无线充电用超薄胶,散热碳片超薄胶,丙烯酸类声学胶带,硅胶类声学胶带,环氧类声学胶带,医疗X射线机用高反射胶带）",赛伍技术Cybrid
赛卓电子,全线代理（电感式编码器、霍尔传感器）,赛卓电子Semiment
派恩杰,全线代理（Si  OS\SBD),派恩杰半导体
三礼电子,全线代理（线圈、电感、高频变压器、滤波器等磁性相关元器件）,三礼电子集团
SMC,"全线代理（肖特基二极管,快恢复二极管,TVS,稳压管,功率模块,碳化硅二极管,碳化硅mosfet）",桑德斯微电子
森国科,全线代理（SIC产品，马达驱动IC，行车记录仪IC）,森国科
华联电子,部分代理（仅代理光耦）,厦门华联电子
华科鸿溟,"全线代理（温度传感器,温湿一体传感器,温度开关,传感器终端）",山东华科半导体研究院有限公司
松田,"平台合作+全线代理（薄膜电容器,陶瓷电容器,压敏电阻器,热敏电阻器）",汕头保税区松田电子科技有限公司
上海贝岭,"部分代理（电源管理电路,DC/DC转换器,AC/DC转换器,LDO,电压检测芯片,充电管理芯片,电能计量专用电路,驱动电路,马达驱   ）",上海贝岭
岭芯微电子,全线代理（LDO低压差线性稳压器，升降压DC/DC转换   ，马达驱  LED驱动）,上海岭芯微
磐启微电子,"全线代理：SUB-1G无线芯片   ,蓝牙BLE芯片,低功耗广域网Chirp-IOT芯片,125KHz低频触发芯片,2.4GHz无线芯片,2.4GH  线收  O   芯片,2.4GHz无线Transceiver芯片,多点触控芯片,单点触控芯片,蓝牙BLE5.1芯片",上海磐启微电子有限公司
芯炽科技,"全线代理（高速高精度ADC,DAC,高速运放,信号链,接口芯片）",上海芯炽科技集团有限公司
深台帏翔,"全线代理（板对板连接器,汽车连接器,高速类连接器,容差类连接器,信号类连接器,电源类连接器,排针连接器,排母连接器,FPC连接器,接口类连接器）",深台帏翔
爱仕特,"全线代理(Si  OS芯片,Si   MOS模块)",深圳爱仕特科技有限公司
宝砾微,全线代理（电源管理芯片：DC-DC升压/降压变换器）,深圳宝砾微电子有限公司
槟城电子,全线代理（GDT、TSS、TVS、ESD、Zener、复合器件）,槟城电子
点扬科技,平台合作+部分代理（红外热像仪、热分析仪、热像仪定制开发服务）,深圳点扬科技有限公司
奥伦德,全线代理（光耦、外延晶片）,深圳市奥伦德
鸿富诚,全线代理（EMI屏蔽材料、热管理材料）,深圳市鸿富诚新材料股份有限公司
业展电子,全线代理（合金电阻，贴片电阻，高精度低温漂电阻，插件电阻，分流器电阻）,深圳市业展电子有限公司
升谱光电,"部分代理(DISPLA  ED,CHI     ED,SENSOR,UV  ED,UVC模组)",升谱光电
SGMICRO,全线代理（精密运算放大器、模拟开关、PMU、LDO）,圣邦微电子
时代速信,全线代理（射频氮化镓PA、砷化镓PA和砷化镓LNA）,时代速信
Time Microwav ystems,全线代理（同轴电缆，电缆组件，连接器与部件）,时代微波系统
时科,"全线代理+平台合作（二极管,Lo   VF肖特基二极管,小封装肖特基,肖特基二极管,整流管,普通整流二极管,小信号整流二极管,快恢复整流管,高效整流管,超快恢复整流管,3-Pin超快恢复整流管,桥式整流器,快恢复桥式整流器,高效桥式整流器,超快恢复桥式整流器,肖特基整流桥,稳压二极管,稳压管（双芯片）,双向触发二极管,开关二极管,变容二极管,PIN二极管,ESD保护管/TVS,瞬态抑制管,双极型晶体管,带阻三极管,达林顿三极管,高频管,场效应管,低压差稳压器,电源基准IC,三端稳压IC,硅麦,氮化镓整合式IC,碳化硅肖特基二极管）",时科电子
世晶半导体,"全线代理（ES  rotectio   Diodes,TV  ransien  oltag  uppressor,TS  hyristo  urg  uppressors,MO  效应管,稳压二极管）",世晶半导体
KEYSIGHT,全线代理（示波器及探头、数字万用表、直流电源、数据采集器、频率计数器和计时器、频谱和信号分析仪、函数\任意波形发生器、手持射频仪器、射频\微波信号源、射频\微波测试附件、交流电源及电子负载、LCR表和电阻表、手持式仪表、USB模块化仪器、GPIB和仪器控制产品）,是德科技快讯
数明半导体,全线代理（电源管理，驱动芯片，光伏能源）,数明半导体
顺络,全线代理（阻容感）,顺络Sunlord
硕凯电子,全线代理（陶瓷气体放电管     态电压抑制二极管，金属氧化物压敏电阻，静电二极管）,硕凯电子股份有限公司
司南导航,"全线代理（高精度板卡,高精度定位定向模块,高精度定位模块,数传模块）",司南导航
STANDEX-MEDER,全线代理（平板变压器、电流互感器、高低频变压器、继电器、干簧开关、接近传感器）,斯丹麦德电子
华丰史密斯,部分代理（射频负载，线缆，连接器）,四川华丰科技股份有限公司
固锝,全线代理（二极管、MOS、整流桥等）,苏州固锝电子
矩阵光电,部分代理（霍尔磁传感芯片）,苏州矩阵光电有限公司
速普,"平台合作+全线代理（轨装端子,PCB板端子,按钮,开关,指示灯,电连接器,工业开关）",速普电子
拓尔微电子,全线代理（数模混合ASIC，电源管理IC，马达驱动IC）,拓尔微
Delta,全线代理（连接器、电缆）,台达
台达,部分代理（只代理：风扇、散热器、热管、VC）,台达
台舟电子,全线代理（ESD、MOS、TVS、肖特基）,台舟电子
太辰光,"全线代理（无源产品,光互联基础元器件,PLC晶圆,PLC芯片,陶瓷插芯,MT插芯,光连接器件,高速光块等）",太辰光通信
泰高,"全线代理（氮化镓电源产品,低噪声放大器,射频功率放大器,射频开关）",泰高 让设计变简单
TE Connectivity,部分代理（传感器）,泰科电子 TE Connectivity
泰科天润,全线代理（碳化硅肖特基二极管）,泰科天润半导体
SLKOR,"全线代理（碳化硅场效应管,碳化硅肖特基二极管,场效应管,超结场效应管,IGBT单管,IGBT/SIC模块,快恢复二极管,可控硅,ESD）",碳化硅专家
韬略科技,全线代理（BDL滤波器）,韬略科技EMC
TAOGLAS,全线代理（天线、滤波器、线缆、连接器）,陶格斯TAOGLAS
天工测控,全线代理（GNSS模块、WiFi模块、蓝牙模块）,天工测控
微传科技,"部分代理（三轴地磁传感器,磁开关）",微传科技
微源半导体,全线代理（电源管理芯片、音频功放、MOSFET、协议芯片）,微源半导体
唯创知音,"播放类,录音类,MP3类,蓝牙WiFi类,语音识别类,智能语音传感类,语音芯片,语音模块,录音芯片,MP3芯片,蓝牙芯片,音频蓝牙",唯创知音
唯恩电气,"平台合作+全线代理（重载连接器,矩形连接器,圆形连接器,航空插头）",唯恩连接器
维峰电子,全线代理（连接器）,维峰电子股份有限公司
Weidmueller,全线代理（装置连接器、连接端子、接插件、电源远程I/O、继电器、模拟信号隔离器等）,魏德米勒
沃尔德,"平台合作+全线代理(低VF肖特基,肖特基桥式整流器,高压肖特基,类碳化硅肖特基,吸收二极管,软恢复桥,低VF桥)",沃尔德实业
至诚微,"部分代理（电源管理芯片,DC/DC同步降压和控制芯片,DC/DC升压转换芯片,DC/DC升压控制芯片）",无锡市至诚微电子有限公司
思泰迪半导体,"平台合作+全线代理（电机驱动,传感器,模拟前端,直流有刷,步进电机,直流无刷,镜头驱动,电流传感器,红外传感器,数据转换器,运放比较器,视频驱动,滤波器,串并转换器）",无锡思泰迪半导体有限公司
无锡紫光微,全线代理（MOS管/IGBT/IGTO）,无锡紫光微电子
武汉芯源,"平台合作+全线代理（MCU,超值MCU,超低功耗MCU,通用MCU,存储器,EEPROM,NO   FLASH,MOSFET,SJ-MOSFET,功率MOSFET）",武汉芯源半导体
中熔电气,"全线代理（一般保护熔断器,快速保护熔断器,EV系列熔断器,光伏类保护熔断器,通讯类保护熔断器）",西安中熔电气股份有限公司
西南集成,全线代理（短距离无线通信芯片，RFID芯片，卫星导航接收机射频芯片及SOC，多模多频卫星导航SOC，射频开关，衰减器，分频器，接口电路，合成器，放大器）,西南集成
矽典微,全线代理(毫米波传感器SoC),矽典微
矽航,全线代理（TVS、ESD防护产品）,矽航半导体
禧合,全线代理（胶粘剂）,禧合粘接
先积集成,"全线代理（高性能放大器,比较器,纳安比较器,微功耗比较器,基准电压,线性电源,开关,复用器,接口电路）",先积集成
芯佰微电子,全线代理（模拟IC、MCU、运放、电源产品、接口、USB、高速DAC）,芯佰微
芯海,"全线代理（蓝牙SOC,32位MCU,8位MCU,模数转换器,电能计量芯片,压力触控芯片）",芯海科技
芯进电子,部分代理（直流无刷风扇（马达）、霍尔开关IC、LED驱动I     ,芯进电子
芯力特,全线代理（总线接口芯片）,芯力特
芯旺,"平台合作+全线代理（通用MCU,汽车MCU）",芯旺微电子
芯闻,"平台合作+全线代理（防爆型电子鼻,智能烟感报警器,嗅觉分析平台,芯片,芯片模组）",芯闻科技
芯洲科技,全线代理（DC/DC，MOSFET驱动）,SCT芯洲科技
格力新元电子,"全线代理(电容,铝电解电容,焊片式铝电解电容,螺栓式铝电解电容,固态及固液混合型铝电解电容,薄膜电容,功率器件,IPM)",新元电子
信驰达,"全线代理（低功耗蓝牙BLE模块,低功耗WiFi模块,ZigBee模块,Sub1G模块,Lora模块）",信驰达科技
XK   Connectivity,"平台合作+全线代理（FFC连接器,FP   连接器,自锁连接器,线对板连接器,SIM卡连接器,SD卡连接器,RJ45连接器,US  ype-C连接器,耳机插座,DC直流电源插座,轻触开关）",星坤公司
旭程,"全线代理（分立元件,电路保护,保险丝,微型保险丝,管式保险丝,贴片保险丝,汽车保险丝,陶瓷管高分断保险丝）",旭程电子科技
亚成微电子,"全线代理：功放包络电源调制器,智能功率开关芯片,智能高测开关,AC/DC电源管理芯片,开关电源芯片,同步整流芯片,协议芯片,线性LED照明驱动芯片,功率MOSFET",亚成微电子
扬杰科技,全线代理（二极管、三极管、MOSFET、整流桥等）,扬杰科技
瑶芯微,部分代理（功率器件）,瑶芯微电子
EATO   BUSSMANN,部分（熔断器，保险丝磁性元件，电子保险丝，超级电容，接线端子）,伊顿电气官方
宜科,"全线代理（传感器,编码器,I/O系统,连接系统,工业物联网平台）",宜科电子
禾润,"全线代理（音频功放IC,电机驱动IC,电源管理IC,D/A转换器）",嘉兴禾润电子科技有限公司
Newsigh   Imaging,"平台合作+全线代理（线传感器,线阵CMOS,区域传感器,spectrometer   eTOF  iDAR）",以色列芯片Newsight
屹晶微电子,"全线代理（逆变器专用控制芯片,电源管理芯片，栅极驱动芯片，安防报警类芯片，D类功放芯片，运放，比较器，传感器芯片）",屹晶微电子
意瑞半导体,"全线代理(霍尔开关,霍尔锁存,电流传感器芯片,线性霍尔器件,轮速传感器芯片)",意瑞半导体
翼波电子,"全线代理(精密稳幅稳相测试电缆,微波毫米波电缆及组件,精密转接器,连接器)",翼波电子
银河航天,"部分代理（无源产品：波导同轴转换,多工器,滤波器,耦合器,波导负载）",银河航天
应达利,全线代理（晶振）,应达利INTERQUIP
应能微,全线代理（ESD、TVS、MOSFET、PMIC）,应能微电子
英洛华,部分代理（稀土永磁体）,英洛华磁业
英诺赛科,全线代理（30V-200V硅基Ga     ETS、650  基Ga  ETS、硅基Ga   IC、5  a  F）,英诺赛科
英维克,部分代理（液冷系统、热管/VC、散热模组等）,英维克
永裕光电,"全线代理（分立元件,半导体分立元件,二极管,LED,Lam   LED,Chi  ED,TO  ED,贴片灯珠,红外发射,接收管）",永裕光电
优恩半导体,全线代理（保护器件、二极管）,优恩半导体
优译,全线代理（隔离器、环形器、滤波器等）,优译UIY.COM
有方科技,"全线代理（无线通信模组（5/4/3/2G，NB.GNSS,车规模组）,无线通信整机,管道云,接入云）",有方科技
宇阳,全线代理（MLCC）,宇阳科技
宇瞻,"部分代理(SATA,PCIe,Cfast,CF,SD,microSD,工业类SSD)",宇瞻科技
泽石,"平台合作+全线代理（SSD,PSSD）",泽石科技
瞻芯电子,全线代理（SI OS/二极管）,瞻芯电子
长江连接器,全线代理（连接器）,长江连接器
长晶科技,全线代理（二极管、晶体管、电源芯片等）,长晶科技
凌志,全线代理（有机硅发泡材料）,浙江凌志
兆龙互连,"全线代理（工业以太网电缆,总线电缆,低频数据传输电缆,传感器电缆,轨交车辆数据电缆,船用电缆）",浙江兆龙互联科技股份有限公司
正凌,全线代理（连接器）,正凌精密工业
航智,"全线代理(高精度电流传感器,高精度模拟电流传感器,高精度数字电流,工控级电流传感器)",直流电流互感器
西安智多晶,全线代理（FPGA/CPLD芯片）,智多晶
智芯传感,"全线代理（MEMS压力传感器芯片,表压气体压力传感器,防水型压力传感器,微差压气体压力传感器,大气压力传感器）",智芯传感
中汇瑞德,全线代理（继电器、接触器）,中汇瑞德
中科微,全线代理（LNA芯片、北斗芯片、射频前端芯片、电机驱动芯片、字符叠加芯片系列）,中科微电子
中科芯,部分代理（32位MCU）,中科芯MCU
中科亿海微,"全线代理（可编程芯片,可编程电路IP核,EDA软件）",中科亿海微
中石科技,"全线代理（导热材料,石墨材料,EMI屏蔽材料,VC\热管\散热模组,EMC滤波器）",中石科技
中天科技,部分代理（射频电缆、超级电容）,中天科技集团
中移芯昇,"全线代理（通信芯片,安全芯片,MCU,智慧燃气解决方案）",中移芯昇
博雅科技,全线代理（NO LASH）,珠海博雅科技有限公司
紫光青藤,部分代理（安全MCU、安全接口芯片等）,紫光青藤
同芯微电子,部分代理（智能卡芯片，智能终端芯片）,紫光同芯